razao_social,nome,cnpj,text,cnae,situacao,fantasia,abertura,email,telefone,tipo,natureza_juridica,bairro,cep,uf
BANCO DO BRASIL S.A.,BANCO DO BRASIL SA,00.000.000/0001-91,"Bancos múltiplos, com carteira comercial",64.22-1-00,ATIVA,DIRECAO GERAL,01/08/1966,secex@bb.com.br,(61) 3493-9002,MATRIZ,203-8 - Sociedade de Economia Mista,ASA NORTE,70.040-912,DF
BRB-BANCO DE BRASILIA SA,BRB BANCO DE BRASILIA SA,00.000.208/0001-00,"Bancos múltiplos, com carteira comercial",64.22-1-00,ATIVA,BRB,04/08/1966,ggedac@brb.com.br,(61) 3412-8528/ (61) 3412-8605,MATRIZ,203-8 - Sociedade de Economia Mista,ASA SUL,70.072-900,DF
CENTRAIS ELETRICAS BRASILEIRAS SA,CENTRAIS ELETRICAS BRASILEIRAS SA,00.001.180/0001-26,Holdings de instituições não-financeiras,64.62-0-00,ATIVA,ELETROBRAS,19/08/1966,dfct@eletrobras.com,(21) 2514-5887/ (21) 2514-6155,MATRIZ,203-8 - Sociedade de Economia Mista,ASA NORTE,70.716-900,DF
COMPANHIA ENERGÉTICA DE BRASÍLIA – CEB,COMPANHIA ENERGETICA DE BRASILIA,00.070.698/0001-11,Distribuição de energia elétrica,35.14-0-00,ATIVA,CEB,17/01/1969,cleberpereira@ceb.com.br,(61) 3465-9300,MATRIZ,203-8 - Sociedade de Economia Mista,ZONA INDUSTRIAL (GUARA),71.215-902,DF
CIMS SA,CIMS S.A.,00.272.185/0001-93,Holdings de instituições não-financeiras,64.62-0-00,ATIVA,,18/10/1994,juridico@vincipartners.com,(21) 2159-6000,MATRIZ,204-6 - Sociedade Anônima Aberta,LEBLON,22.431-002,RJ
